Train Loss,Validation Loss,Test Loss,Train AUC,Validation AUC,Test AUC
1.3791240721586613,1.4667857701061693,1.4706547450788374,0.8079520790930677,0.7540026675825209,0.7774450600695599
