Train Loss,Validation Loss,Test Loss,Train AUC,Validation AUC,Test AUC
0.5203282354033996,0.5568198216295688,0.5618429444550316,0.8678541794043149,0.8327965324482487,0.8287231003618358
