Train Loss,Validation Loss,Test Loss,Train RMSE,Validation RMSE,Test RMSE
2.528618352738584,2.517438172869079,2.5688561381715718,1.5901629956512584,1.5866436817600476,1.6027651537800451
