Train Loss,Validation Loss,Test Loss,Train AUC,Validation AUC,Test AUC
0.4603544158690484,0.6865814292827667,0.5664973279128328,0.9260172914694449,0.7930797246382579,0.852525442894836
