Train Loss,Validation Loss,Test Loss,Train AUC,Validation AUC,Test AUC
0.9879325970596488,1.1899110431312232,1.1624238040389083,0.8635882949999149,0.778066226346013,0.8279608967194614
