Train Loss,Validation Loss,Test Loss,Train AUC,Validation AUC,Test AUC
1.1588668460256146,1.2872056413341213,1.2001379179249843,0.7717527911306955,0.7223091672753835,0.7743303719269528
