Train Loss,Validation Loss,Test Loss,Train RMSE,Validation RMSE,Test RMSE
2.865459511356969,2.698556276205193,2.6860818441274463,1.692766821318568,1.6427283026128188,1.6389270405138376
