Train Loss,Validation Loss,Test Loss,Train AUC,Validation AUC,Test AUC
0.547893541274241,0.6356498042510881,0.6182573806948778,0.7874994894248617,0.6633636212694198,0.7881310578581198
