Train Loss,Validation Loss,Test Loss,Train AUC,Validation AUC,Test AUC
1.2886923767095748,1.396390166459533,1.4233798091743861,0.7998377503498549,0.7410854759453331,0.7508522427929253
