Train Loss,Validation Loss,Test Loss,Train AUC,Validation AUC,Test AUC
0.5993965822319897,0.6143293557940303,0.6091055313261544,0.7430838366762349,0.7273257010139451,0.7235321593438924
