Train Loss,Validation Loss,Test Loss,Train AUC,Validation AUC,Test AUC
0.5443133443356596,0.6039895556770082,0.6550000733223514,0.8291464135041562,0.7427766759305605,0.7961929890689785
