Train Loss,Validation Loss,Test Loss,Train AUC,Validation AUC,Test AUC
1.285191501536891,1.3530562476877785,1.4298202694183977,0.7784432712817887,0.7292348460611991,0.7262309059200349
