Train Loss,Validation Loss,Test Loss,Train RMSE,Validation RMSE,Test RMSE
3.788948883444576,3.3629731345729184,3.3750389588126346,1.9465222535189717,1.833841087600809,1.8371279103025555
