Train Loss,Validation Loss,Test Loss,Train AUC,Validation AUC,Test AUC
0.8780328829415147,1.1561078852222813,1.1590982189992578,0.8820197691055425,0.7898670246078544,0.8003170932946096
