Train Loss,Validation Loss,Test Loss,Train AUC,Validation AUC,Test AUC
0.48696951474939987,0.5352679521680992,0.5575126091351256,0.8540152231188094,0.8132997423355752,0.7915694629594363
